matrix_idx,dimension,resolution,original_eigenvalues,reconstructed_eigenvalues,original_eigenvectors,reconstructed_eigenvectors,depth,job_ids
3,2,6,"[1.9035379501961907, 0.3911527804976471]","[1.9002907613558346, 1.3266180786823751]","[[0.7931269943034973, 0.609056295351341], [-0.6090562953513411, 0.7931269943034974]]","[[-0.766284448934832, -0.6449087933901444], [-0.7544042724993331, -0.6095432136936784]]",679+8752,"('ckmejnmm6o8b1gfcp9r0', 'ckmel69gpod0ktgle52g')"
