{"matrix_idx": 1, "dimension": 2, "resolution": 6, "original_eigenvalues": [2.9531490884581273, 0.06086437632721523], "reconstructed_eigenvalues": [2.213416138201736, 0.7064094058090646], "original_eigenvectors": [[0.7961120018540389, 0.6051493043075857], [-0.6051493043075857, 0.7961120018540389]], "reconstructed_eigenvectors": [[-0.7567745872535636, -0.672637975843671], [-0.8021051467502142, -0.6785419395028902]], "depth": "679+8753", "job_ids": ["ckbt8clao343i0m6h9j0", "ckbtrs0b9qkotg8m0oe0"]}