{"matrix_idx": 1, "dimension": 4, "resolution": 4, "original_eigenvalues": [7.465007234463866, 0.48233901065085066, 0.24974002536729784, 0.0015889072949292849], "reconstructed_eigenvalues": [6.661423581943762, 3.5869203902774105, 1.5372515958331758], "original_eigenvectors": [[-0.621250026966577, -0.4203267886906158, -0.45193191780554737, -0.4828367595488784], [-0.5144808333953713, -0.32463932666128587, 0.18443286014078744, 0.7719477312318495], [-0.13698228337168222, 0.595482261867079, -0.7191069374678571, 0.33094099523864834]], "reconstructed_eigenvectors": [[-0.5628991244684364, 0.5761363348009495, -0.5538550276711633, -0.5098499390124227], [0.5710764626692524, 0.5210564629593168, 0.5367987653533566, 0.45734275002458874], [0.5490926349633806, 0.5218521533445281, 0.518771456106509, 0.5092886786744878]], "depth": "1657+16673", "job_ids": ["ckc0bc9rj4hqss6sm9ug", "ckc0m6kl5kg2t9tgb13g"]}