matrix_idx,dimension,resolution,original_eigenvalues,reconstructed_eigenvalues,original_eigenvectors,reconstructed_eigenvectors,depth,job_ids
1,2,6,"[2.9531490884581273, 0.06086437632721523]","[2.213416138201736, 0.7064094058090646]","[[0.7961120018540389, 0.6051493043075857], [-0.6051493043075857, 0.7961120018540389]]","[[-0.7567745872535636, -0.672637975843671], [-0.8021051467502142, -0.6785419395028902]]",679+8753,"('ckbt8clao343i0m6h9j0', 'ckbtrs0b9qkotg8m0oe0')"
