matrix_idx,dimension,resolution,original_eigenvalues,reconstructed_eigenvalues,original_eigenvectors,reconstructed_eigenvectors,depth,job_ids
1,4,6,"[7.465007234463866, 0.48233901065085066, 0.24974002536729784, 0.0015889072949292849]","[6.661423581943762, 6.149006383332703, 4.099337588888469]","[[-0.621250026966577, -0.4203267886906158, -0.45193191780554737, -0.4828367595488784], [-0.5144808333953713, -0.32463932666128587, 0.18443286014078744, 0.7719477312318495], [-0.13698228337168222, 0.595482261867079, -0.7191069374678571, 0.33094099523864834]]","[[0.6405762855300948, -0.5391492801721839, 0.6657676097104852, 0.5438500223676991], [0.5640729292390995, -0.5995871815526996, 0.6532984067720462, -0.6521854983050017], [0.5289188336182759, -0.6188262960376119, -0.665535892880505, -0.534179065558731]]",6789+67724,"('ckekh08m3kt305s3f0f0', 'ckel9gah9ipuhtuim1vg')"
