{"matrix_idx": 2, "dimension": 2, "resolution": 6, "original_eigenvalues": [0.6199503657038241, 0.04912229458049477], "reconstructed_eigenvalues": [0.6168013586996065, 0.11499686348636731], "original_eigenvectors": [[0.9725247002719168, 0.23279971512228773], [-0.23279971512228773, 0.9725247002719168]], "reconstructed_eigenvectors": [[-0.9127721456662821, -0.4020791901013467], [-0.9111746424626012, -0.3879103452640633]], "depth": "679+8753", "job_ids": ["ckc8471rj4hqss6so7l0", "ckc8o4gb9qkotg8m3dd0"]}