matrix_idx,dimension,resolution,original_eigenvalues,reconstructed_eigenvalues,original_eigenvectors,reconstructed_eigenvectors,depth,job_ids
2,4,4,"[3.7424755894562183, 0.7517637942547681, 0.5056090053711624, 0.1094714812548008]","[2.8739924270645343, 1.9159949513763563, 0.6386649837921188]","[[0.364300415157548, 0.43707907124695006, 0.687729727334072, 0.4508601946667558], [0.867935938499908, -0.4558011413019028, -0.043978714963024766, -0.1923496786541839], [-0.2712522694967462, -0.76088619792945, 0.29129939922038445, 0.5124637158933045]]","[[-0.4453167040247834, 0.43892416582360605, -0.5259481569136937, -0.45533147954120523], [-0.5064206270898318, -0.5263429107417371, 0.5321599524291969, 0.4626406231489943], [-0.5094628770159005, 0.4020389274469114, -0.5297746316131231, 0.40066388144659565]]",1657+16673,"('ckejbfih9ipuhtuilai0', 'ckek6mih9ipuhtuiljd0')"
