matrix_idx,dimension,resolution,original_eigenvalues,reconstructed_eigenvalues,original_eigenvectors,reconstructed_eigenvectors,depth,job_ids
2,2,6,"[0.6199503657038241, 0.04912229458049477]","[0.6168013586996065, 0.11499686348636731]","[[0.9725247002719168, 0.23279971512228773], [-0.23279971512228773, 0.9725247002719168]]","[[-0.9127721456662821, -0.4020791901013467], [-0.9111746424626012, -0.3879103452640633]]",679+8753,"('ckc8471rj4hqss6so7l0', 'ckc8o4gb9qkotg8m3dd0')"
