{"matrix_idx": 3, "dimension": 2, "resolution": 6, "original_eigenvalues": [1.9035379501961907, 0.3911527804976471], "reconstructed_eigenvalues": [1.9002907613558346, 0.7529453960089156], "original_eigenvectors": [[0.7931269943034973, 0.609056295351341], [-0.6090562953513411, 0.7931269943034974]], "reconstructed_eigenvectors": [[-0.7691471059964216, -0.685162350804506], [-0.7470641438003819, -0.7186918792839313]], "depth": "679+8752", "job_ids": ["ckj6ovn7lhfc2h9kg9sg", "ckj8557u81h8llphmt8g"]}