{"matrix_idx": 3, "dimension": 4, "resolution": 4, "original_eigenvalues": [4.647071393343876, 0.5238941243476812, 0.29437078485282375, 0.015930425491256128], "reconstructed_eigenvalues": [4.453529216528956, 3.0832125345200465, 1.712895852511137], "original_eigenvectors": [[-0.27669966574621346, -0.4827448277628779, -0.4708359129173351, -0.6846227204463952], [-0.3038105915581725, 0.7721623551912427, 0.16297368327862044, -0.5337639930167513], [0.8822920793372253, 0.20746301679841336, -0.30291613072643797, -0.2945532229418317]], "reconstructed_eigenvectors": [[-0.4651349582462071, -0.5147757453160634, 0.530796259583266, 0.4953457136665082], [0.48496860099616623, 0.501869528121541, -0.5211077010789309, 0.533413687474817], [-0.5451350528901587, 0.4650053333522879, 0.49718041995172124, 0.5075621821092853]], "depth": "1657+16687", "job_ids": ["ckkm1gcugl1jd71i7i0g", "ckkm5qsugl1jd71i7jj0"]}