{"matrix_idx": 3, "dimension": 4, "resolution": 4, "original_eigenvalues": [4.647071393343876, 0.5238941243476812, 0.29437078485282375, 0.015930425491256128], "reconstructed_eigenvalues": [3.425791705022274, 2.7406333640178193, 1.3703166820089097, 0.6851583410044548], "original_eigenvectors": [[-0.27669966574621346, -0.4827448277628779, -0.4708359129173351, -0.6846227204463952], [-0.3038105915581725, 0.7721623551912427, 0.16297368327862044, -0.5337639930167513], [0.8822920793372253, 0.20746301679841336, -0.30291613072643797, -0.2945532229418317], [0.22955850272164188, -0.3573259368624164, 0.8124007258807829, -0.3995323882515298]], "reconstructed_eigenvectors": [[-0.43212894324750895, -0.46320336509724686, -0.5510100959550226, -0.49594020895389945], [-0.558520044830122, -0.4439213991312937, 0.44592969324899695, -0.4250372398486691], [-0.5438573882254348, 0.4596627501374494, 0.4773431929619686, 0.4352747792191865], [0.5057444063530484, 0.4166116681653395, -0.5272952388189013, 0.46258806607465697]], "depth": "1657+16687", "job_ids": ["ckklr4e37u83m48q149g", "ckklrpmpb91m223kr7eg"]}