matrix_idx,dimension,resolution,original_eigenvalues,reconstructed_eigenvalues,original_eigenvectors,reconstructed_eigenvectors,depth,job_ids
3,2,6,"[1.9035379501961907, 0.3911527804976471]","[1.9002907613558346, 0.7529453960089156]","[[0.7931269943034973, 0.609056295351341], [-0.6090562953513411, 0.7931269943034974]]","[[-0.7691471059964216, -0.685162350804506], [-0.7470641438003819, -0.7186918792839313]]",679+8752,"('ckj6ovn7lhfc2h9kg9sg', 'ckj8557u81h8llphmt8g')"
