matrix_idx,dimension,resolution,original_eigenvalues,reconstructed_eigenvalues,original_eigenvectors,reconstructed_eigenvectors,depth,job_ids
4,2,6,"[0.46156115650062846, 0.16734926345099327]","[0.4618560896519722, 0.3046284846640668]","[[0.7286578412611613, 0.6848779090966682], [-0.6848779090966683, 0.7286578412611614]]","[[-0.747739584964199, -0.6855690158869565], [-0.7607871977566626, -0.6820849101813173]]",679+8752,"('ckjb5777lhfc2h9khtig', 'ckjbkp7mhqvq1icsr7h0')"
