{"matrix_idx": 4, "dimension": 2, "resolution": 6, "original_eigenvalues": [0.46156115650062846, 0.16734926345099327], "reconstructed_eigenvalues": [0.4618560896519722, 0.3046284846640668], "original_eigenvectors": [[0.7286578412611613, 0.6848779090966682], [-0.6848779090966683, 0.7286578412611614]], "reconstructed_eigenvectors": [[-0.747739584964199, -0.6855690158869565], [-0.7607871977566626, -0.6820849101813173]], "depth": "679+8752", "job_ids": ["ckjb5777lhfc2h9khtig", "ckjbkp7mhqvq1icsr7h0"]}