{"matrix_idx": 4, "dimension": 4, "resolution": 4, "original_eigenvalues": [4.5754874979186155, 0.7518300393253984, 0.5265858236214528, 0.21054565488857224], "reconstructed_eigenvalues": [3.790280634846276, 2.2741683809077653, 1.5161122539385103, 0.7580561269692552], "original_eigenvectors": [[0.40993371081375524, 0.5484918340075415, 0.4841446186463181, 0.5447155670635081], [0.6984568147744997, -0.6249783511429491, -0.20260018069967126, 0.2837486656852529], [0.580664873830746, 0.2972087792507045, 0.023985045294520016, -0.7575750546564016], [0.08331107328949877, 0.4692821221461462, -0.8508712432668597, 0.22102416673945283]], "reconstructed_eigenvectors": [[-0.5078535299865484, -0.5260457108577685, 0.49427688546250165, 0.5183563267692701], [-0.5021824782671026, -0.4630109152038073, -0.5307294442001633, -0.4993341812077803], [-0.5323525877421481, -0.528065326125897, -0.5110355860899906, -0.5082512630745399], [0.5345504850220153, 0.4583511288116948, -0.5218810909641909, 0.5098167305749102]], "depth": "1657+16689", "job_ids": ["ckkltsmpb91m223kr820", "ckklumupb91m223kr8i0"]}