{"matrix_idx": "paper", "dimension": 2, "resolution": 6, "original_eigenvalues": [2.0, 1.0], "reconstructed_eigenvalues": [2.015625, 0.515625], "original_eigenvectors": [[0.7071067811865475, 0.7071067811865475], [-0.7071067811865475, 0.7071067811865475]], "reconstructed_eigenvectors": [[-0.6261542654934548, -0.7191326551302285], [-0.6490216087537408, -0.7208313325263892]], "depth": "553+8732", "job_ids": ["ck6rs0o3hjk31guqtmq0", "ck6t5av5h7n5hcm9tvi0"]}