{"matrix_idx": "paper", "dimension": 4, "resolution": 4, "original_eigenvalues": [3.0, 2.0, 1.0, 0.0], "reconstructed_eigenvalues": [3.75, 3.0, 1.875, 1.125], "original_eigenvectors": [[0.0, 0.0, 0.0, 1.0], [0.0, 0.0, 1.0, 0.0], [0.0, 1.0, 0.0, 0.0], [1.0, 0.0, 0.0, 0.0]], "reconstructed_eigenvectors": [[0.1978944504394069, -0.30870737194568565, 0.25651436960414326, -0.7696985215572508], [0.1009600223583142, -0.17653824699359233, -0.22713503527980716, -0.9067006152809678], [0.18667513715187117, 0.07622563737835862, -0.7380449957434428, 0.2525410985816001], [-0.2581599777429105, -0.8687057045907657, 0.12288910286865176, 0.07758097742681817]], "depth": "155+6516", "job_ids": ["ckmeaae37u83m48qotig", "ckmeb9ldbp4uq5b97ph0"]}