matrix_idx,dimension,resolution,original_eigenvalues,reconstructed_eigenvalues,original_eigenvectors,reconstructed_eigenvectors,depth,job_ids
paper,4,4,"[3.0, 2.0, 1.0, 0.0]","[4.5, 3.0, 1.875, 1.125]","[[0.0, 0.0, 0.0, 1.0], [0.0, 0.0, 1.0, 0.0], [0.0, 1.0, 0.0, 0.0], [1.0, 0.0, 0.0, 0.0]]","[[0.10362704315138672, 0.20928367603291395, -0.41662071696343955, -0.8405643065669075], [0.08769858450632745, -0.1807678185011848, -0.22022928812454193, -0.9213067204852885], [0.1508477716666052, 0.0711706955108585, -0.7501898544242964, 0.2587332315371497], [-0.26024774820366964, -0.8515874845292555, 0.133145504287892, 0.0]]",155+6516,"('ck6v0qrl5r7th0mrqbi0', 'ck7pt2k93b05s1c38ik0')"
