{"matrix_idx": "paper", "dimension": 2, "resolution": 6, "original_eigenvalues": [2.0, 1.0], "reconstructed_eigenvalues": [2.765625, 2.015625], "original_eigenvectors": [[0.7071067811865475, 0.7071067811865475], [-0.7071067811865475, 0.7071067811865475]], "reconstructed_eigenvectors": [[-0.6994158432914325, -0.7123134552911281], [-0.7175256829067447, -0.6685934460311758]], "depth": "553+8732", "job_ids": ["ckftoivu81h8llpgff60", "ckfu5in7lhfc2h9j98f0"]}