{"matrix_idx": "paper", "dimension": 2, "resolution": 4, "original_eigenvalues": [2.0, 1.0], "reconstructed_eigenvalues": [2.0625, 0.9375], "original_eigenvectors": [[0.7071067811865475, 0.7071067811865475], [-0.7071067811865475, 0.7071067811865475]], "reconstructed_eigenvectors": [[-0.6248508943300536, -0.7499007463410335], [-0.8060168859615252, -0.5165847219973982]], "depth": "153+2280", "job_ids": ["ck6duv75h7n5hcm9l0e0", "ck6ka8v5h7n5hcm9orj0"]}