matrix_idx,dimension,resolution,original_eigenvalues,reconstructed_eigenvalues,original_eigenvectors,reconstructed_eigenvectors,depth,job_ids
paper,4,6,"[3.0, 2.0, 1.0, 0.0]","[4.03125, 3.0, 1.03125]","[[0.0, 0.0, 0.0, 1.0], [0.0, 0.0, 1.0, 0.0], [0.0, 1.0, 0.0, 0.0]]","[[-0.42729973499658297, -0.7952342465568242, 0.09218801050777313, -0.25830079715569876], [0.13511027688046576, -0.25139268297105344, -0.2520271329706235, -0.8028167265753784], [-0.3053910543998214, -0.8750959226992643, 0.08313759015834209, -0.2437716241194948]]",459+25308,"('ckamsflao343i0m5nd80', 'ckankcgmab1c4c88jkb0')"
