matrix_idx,dimension,resolution,original_eigenvalues,reconstructed_eigenvalues,original_eigenvectors,reconstructed_eigenvectors,depth,job_ids
1,4,4,"[3.499462874061397, 0.42845191060422144, 0.0598122831544632, 0.012272932179918233]","[3.250000000000001, 2.5000000000000004, 2.0000000000000004, 0.5000000000000001]","[[-0.46853556299402366, -0.5170223256665004, -0.5178365572264754, -0.49498246531782103], [-0.7086090362980827, -0.24722019396764247, 0.35537485745489206, 0.5571930725163575], [-0.5274395574250829, 0.7960185740034946, -0.03579618293242919, -0.2947551125801612], [0.012456851520652755, 0.19474218931307005, -0.7773497565293339, 0.5980365060558844]]","[[-0.5441008351293908, 0.4606274538228746, 0.4945607657482739, 0.5154394947115577], [-0.54546481032842, -0.5003413089966182, 0.49298727501663164, -0.4729034508934488], [-0.43332737811662675, -0.5063684729648059, -0.5545905730758038, 0.47997242058853107], [-0.5412758388203426, 0.5130185202935004, 0.5074812402180836, -0.4952368225335795]]",1657+16688,"('ckmitkpgpod0ktglfmeg', 'ckmmec6pb91m223llmv0')"
