matrix_idx,dimension,resolution,original_eigenvalues,reconstructed_eigenvalues,original_eigenvectors,reconstructed_eigenvectors,depth,job_ids
3,2,6,"[1.9767467755480128, 0.02325322445198863]","[0.9687500000000004, 0.4687500000000002]","[[0.7071067811865477, 0.7071067811865474], [-0.7071067811865474, 0.7071067811865477]]","[[-0.7205847048089913, -0.6788082300103165], [-0.7235145832417371, -0.6922640547907404]]",678+8395,"('ckil63s679vdg1p4u050', 'ckil7m4679vdg1p4u0h0')"
