{"matrix_idx": 1, "dimension": 2, "resolution": 6, "original_eigenvalues": [1.8976963432568157, 0.10230365674318453], "reconstructed_eigenvalues": [1.90625], "original_eigenvectors": [[-0.7071067811865472, -0.7071067811865478]], "reconstructed_eigenvectors": [[-0.725184813729825, -0.7136106392761894]], "depth": "678+8396", "job_ids": ["ckemp7fu81h8llpg07hg", "ckempnfu81h8llpg07u0"]}