{"matrix_idx": 1, "dimension": 2, "resolution": 6, "original_eigenvalues": [1.8976963432568157, 0.10230365674318453], "reconstructed_eigenvalues": [1.40625, 0.40625], "original_eigenvectors": [[-0.7071067811865472, -0.7071067811865478], [-0.7071067811865478, 0.7071067811865472]], "reconstructed_eigenvectors": [[-0.7793176735038314, -0.758065777343091], [-0.7669484709397847, -0.7186954544208873]], "depth": "678+8396", "job_ids": ["ckmgq2em6o8b1gfcq3n0", "ckmigtmm6o8b1gfcqmt0"]}