matrix_idx,dimension,resolution,original_eigenvalues,reconstructed_eigenvalues,original_eigenvectors,reconstructed_eigenvectors,depth,job_ids
1,4,6,"[3.499462874061397, 0.42845191060422144, 0.0598122831544632, 0.012272932179918233]","[3.000000000000001, 1.6250000000000004, 0.6250000000000001, 0.5000000000000001]","[[-0.46853556299402366, -0.5170223256665004, -0.5178365572264754, -0.49498246531782103], [-0.7086090362980827, -0.24722019396764247, 0.35537485745489206, 0.5571930725163575], [-0.5274395574250829, 0.7960185740034946, -0.03579618293242919, -0.2947551125801612], [0.012456851520652755, 0.19474218931307005, -0.7773497565293339, 0.5980365060558844]]","[[-0.7117445891806097, -0.6029130988867305, -0.6412276401077827, -0.6610486039600005], [-0.6693032659044641, -0.7048883161466941, -0.6293975672799523, -0.5868119867511848], [-0.6304926512604991, -0.6486379469779162, -0.7186664052674411, -0.5750696867356689], [-0.7041222978776559, -0.6397090192923411, -0.6232183486038146, -0.6531801754787354]]",6789+67788,"('cki2nok679vdg1p4mde0', 'cki2or4679vdg1p4mdqg')"
