{"matrix_idx": 1, "dimension": 4, "resolution": 4, "original_eigenvalues": [3.499462874061397, 0.42845191060422144, 0.0598122831544632, 0.012272932179918233], "reconstructed_eigenvalues": [2.7500000000000004, 1.5000000000000004, 1.0000000000000002, 0.5000000000000001], "original_eigenvectors": [[-0.46853556299402366, -0.5170223256665004, -0.5178365572264754, -0.49498246531782103], [-0.7086090362980827, -0.24722019396764247, 0.35537485745489206, 0.5571930725163575], [-0.5274395574250829, 0.7960185740034946, -0.03579618293242919, -0.2947551125801612], [0.012456851520652755, 0.19474218931307005, -0.7773497565293339, 0.5980365060558844]], "reconstructed_eigenvectors": [[-0.5112519382093873, -0.5339866894778256, 0.4844571531730791, -0.48823764935703057], [0.529625685718442, 0.5395878079006126, 0.5044777088354532, 0.49869961553512354], [-0.5651489998360928, 0.4779146724872661, 0.5351840449064835, 0.4292083334773448], [0.5458400301594277, 0.5078705737556092, 0.5158518904686722, 0.4971408286142895]], "depth": "1657+16688", "job_ids": ["ckemsdah9ipuhtuimn9g", "cken1gs679vdg1p3e6vg"]}