{"matrix_idx": 2, "dimension": 4, "resolution": 6, "original_eigenvalues": [3.707298074347208, 0.26886534226524383, 0.020325948507381564, 0.003510634880169606], "reconstructed_eigenvalues": [3.6250000000000018, 3.1250000000000013, 2.000000000000001, 0.6250000000000002], "original_eigenvectors": [[-0.4690421717761808, -0.5158082262316488, -0.5123033862165232, -0.5014843520174161], [-0.8234774646216998, -0.01819357597911609, 0.30316455118360275, 0.47921301522282755], [-0.31917445468236627, 0.8080247289061993, -0.03801867729184418, -0.4937390860882457], [0.003460322805093748, 0.28408960737928646, -0.802615147847153, 0.5244902721609431]], "reconstructed_eigenvectors": [[0.5610788388546535, -0.6591516700859809, -0.5620999825765404, -0.5961375105401854], [-0.5903915019517497, -0.5779946672111976, -0.6323555500027441, -0.568670517899426], [-0.6445098841660953, 0.6071815445939636, -0.558046812207127, -0.6171312762787807], [-0.5455642121810126, -0.6423769634133273, -0.5971124056659934, -0.5264093593030402]], "depth": "6789+67791", "job_ids": ["cki5go4679vdg1p4o2fg", "cki5hlv7lhfc2h9k3tqg"]}