{"matrix_idx": 2, "dimension": 2, "resolution": 6, "original_eigenvalues": [1.895717677112505, 0.10428232288749714], "reconstructed_eigenvalues": [1.4062500000000013, 0.40625000000000033], "original_eigenvectors": [[0.7071067811865476, 0.7071067811865475], [-0.7071067811865475, 0.7071067811865476]], "reconstructed_eigenvectors": [[-0.6554281353077754, -0.778432815827097], [-0.6892567267206003, -0.7751427395884158]], "depth": "678+8395", "job_ids": ["ckeptmfmhqvq1icr46mg", "ckeqmi77lhfc2h9irh7g"]}