matrix_idx,dimension,resolution,original_eigenvalues,reconstructed_eigenvalues,original_eigenvectors,reconstructed_eigenvectors,depth,job_ids
2,2,6,"[1.895717677112505, 0.10428232288749714]","[1.4062500000000013, 0.40625000000000033]","[[0.7071067811865476, 0.7071067811865475], [-0.7071067811865475, 0.7071067811865476]]","[[-0.6554281353077754, -0.778432815827097], [-0.6892567267206003, -0.7751427395884158]]",678+8395,"('ckeptmfmhqvq1icr46mg', 'ckeqmi77lhfc2h9irh7g')"
