{"matrix_idx": 2, "dimension": 4, "resolution": 4, "original_eigenvalues": [3.707298074347208, 0.26886534226524383, 0.020325948507381564, 0.003510634880169606], "reconstructed_eigenvalues": [2.500000000000001, 2.000000000000001, 1.0000000000000004], "original_eigenvectors": [[-0.4690421717761808, -0.5158082262316488, -0.5123033862165232, -0.5014843520174161], [-0.8234774646216998, -0.01819357597911609, 0.30316455118360275, 0.47921301522282755], [-0.31917445468236627, 0.8080247289061993, -0.03801867729184418, -0.4937390860882457]], "reconstructed_eigenvectors": [[-0.5487518761633645, 0.4862151974976554, -0.5021952046949509, 0.4779602673588784], [0.5126081842221671, -0.4989437970463271, 0.5624337564254368, -0.5296536082301425], [-0.5587088279080291, 0.4701337918702503, 0.48207335463700857, -0.49841264068396424]], "depth": "1657+16688", "job_ids": ["ckeo3hom3kt305s3gfdg", "ckeog9qh9ipuhtuind3g"]}