{"matrix_idx": 3, "dimension": 4, "resolution": 4, "original_eigenvalues": [3.7154876809682325, 0.24205367530506006, 0.04021614646432791, 0.002242497262380935], "reconstructed_eigenvalues": [2.500000000000001, 2.000000000000001], "original_eigenvectors": [[0.5015234427541154, 0.5126623938874156, 0.5142086361063576, 0.4703626099248571], [0.43205719595694697, 0.2821909055770811, 0.077562143752005, -0.8530410225118136]], "reconstructed_eigenvectors": [[-0.49964442563937095, -0.5328008549398228, 0.44689582016145984, 0.45002176747840983], [0.5284369520181776, 0.47640979568039066, 0.4162458773094999, 0.47412281553374047]], "depth": "1657+16687", "job_ids": ["ckkmkmtdbp4uq5b8g9ng", "ckkmmvddbp4uq5b8gapg"]}