{"matrix_idx": 3, "dimension": 4, "resolution": 4, "original_eigenvalues": [3.7154876809682325, 0.24205367530506006, 0.04021614646432791, 0.002242497262380935], "reconstructed_eigenvalues": [3.0000000000000013, 2.500000000000001, 2.000000000000001, 0.5000000000000002], "original_eigenvectors": [[0.5015234427541154, 0.5126623938874156, 0.5142086361063576, 0.4703626099248571], [0.43205719595694697, 0.2821909055770811, 0.077562143752005, -0.8530410225118136], [0.7076182051103477, -0.26840615587485045, -0.617801455278116, 0.21343845281752155], [-0.24713820341317239, 0.7651821339992839, -0.589826206832549, 0.07432399313504832]], "reconstructed_eigenvectors": [[0.5324193598502263, -0.5077534740718161, -0.49884962244510095, -0.4147908133619049], [-0.5280488763570333, 0.5353818526598015, 0.4626959498108738, -0.47159299794181203], [0.5011824705687448, 0.49437105636007306, -0.5562299325071456, 0.4090463049780783], [-0.51880053163022, -0.5298845807178535, 0.5308225986801931, 0.4546167604732196]], "depth": "1657+16688", "job_ids": ["ckkjn3em6o8b1gfc0fgg", "ckklge637u83m48q1120"]}