{"matrix_idx": 3, "dimension": 2, "resolution": 6, "original_eigenvalues": [1.9767467755480128, 0.02325322445198863], "reconstructed_eigenvalues": [1.4687500000000007, 0.4687500000000002], "original_eigenvectors": [[0.7071067811865477, 0.7071067811865474], [-0.7071067811865474, 0.7071067811865477]], "reconstructed_eigenvectors": [[-0.7134334526787951, -0.7386244440864591], [-0.6954001258181095, -0.737459575015864]], "depth": "678+8395", "job_ids": ["cki2lj77lhfc2h9k28og", "cki2m3ih9ipuhtujv84g"]}