{"matrix_idx": 3, "dimension": 2, "resolution": 6, "original_eigenvalues": [1.9767467755480128, 0.02325322445198863], "reconstructed_eigenvalues": [0.9687500000000004, 0.4687500000000002], "original_eigenvectors": [[0.7071067811865477, 0.7071067811865474], [-0.7071067811865474, 0.7071067811865477]], "reconstructed_eigenvectors": [[-0.7205847048089913, -0.6788082300103165], [-0.7235145832417371, -0.6922640547907404]], "depth": "678+8395", "job_ids": ["ckil63s679vdg1p4u050", "ckil7m4679vdg1p4u0h0"]}