matrix_idx,dimension,resolution,original_eigenvalues,reconstructed_eigenvalues,original_eigenvectors,reconstructed_eigenvectors,depth,job_ids
3,2,6,"[1.9767467755480128, 0.02325322445198863]","[1.4687500000000007, 0.4687500000000002]","[[0.7071067811865477, 0.7071067811865474], [-0.7071067811865474, 0.7071067811865477]]","[[-0.7134334526787951, -0.7386244440864591], [-0.6954001258181095, -0.737459575015864]]",678+8395,"('cki2lj77lhfc2h9k28og', 'cki2m3ih9ipuhtujv84g')"
