{"matrix_idx": 4, "dimension": 4, "resolution": 4, "original_eigenvalues": [3.6502620935432857, 0.3312781308663792, 0.012310681455963183, 0.006149094134372403], "reconstructed_eigenvalues": [3.000000000000001, 2.0000000000000004, 1.2500000000000002, 0.5000000000000001], "original_eigenvectors": [[0.494363566547866, 0.5066321810208543, 0.5062949086397924, 0.49253828552666856], [0.5633931138832405, 0.4241363689809078, -0.41597269518007884, -0.5741630923363662], [0.08723763657590555, 0.031068955543692732, -0.7516059730956738, 0.6530794560947231], [0.6561878222457862, -0.7499779287840201, 0.07563493608744647, 0.03507142307080942]], "reconstructed_eigenvectors": [[0.5309912602156861, 0.4791846016756261, 0.42765260170204855, 0.4537252388562811], [0.5364768389758068, -0.5346963717528935, 0.5048670592396935, 0.4289297998201039], [0.4973333357271887, -0.4930239057453425, 0.5427284433609003, 0.4350163654552334], [0.5415493145958823, 0.4897711517105072, 0.4526290977431225, 0.3893411574922559]], "depth": "1657+16691", "job_ids": ["ckkmvae37u83m48q1i4g", "cklg9v6m6o8b1gfccku0"]}