{"matrix_idx": 4, "dimension": 2, "resolution": 6, "original_eigenvalues": [1.9904144094325575, 0.009585590567443129], "reconstructed_eigenvalues": [1.5000000000000007, 1.0000000000000004], "original_eigenvectors": [[-0.7071067811865475, -0.7071067811865475], [-0.7071067811865475, 0.7071067811865475]], "reconstructed_eigenvectors": [[-0.7504695981213428, -0.7727879707371729], [-0.7038469294219503, -0.7468111152635235]], "depth": "678+8420", "job_ids": ["ckin742h9ipuhtuk7k4g", "ckio2av7lhfc2h9kauhg"]}