matrix_idx,dimension,resolution,original_eigenvalues,reconstructed_eigenvalues,original_eigenvectors,reconstructed_eigenvectors,depth,job_ids
4,2,6,"[1.9904144094325575, 0.009585590567443129]","[1.5000000000000007, 1.0000000000000004]","[[-0.7071067811865475, -0.7071067811865475], [-0.7071067811865475, 0.7071067811865475]]","[[-0.7504695981213428, -0.7727879707371729], [-0.7038469294219503, -0.7468111152635235]]",678+8420,"('ckin742h9ipuhtuk7k4g', 'ckio2av7lhfc2h9kauhg')"
