matrix_idx,dimension,resolution,original_eigenvalues,reconstructed_eigenvalues,original_eigenvectors,reconstructed_eigenvectors,depth,job_ids
5,4,4,"[3.7140888326629007, 0.25140922083930495, 0.03224663087810474, 0.0022553156196902318]","[3.500000000000001, 2.0000000000000004, 1.2500000000000002, 0.5000000000000001]","[[-0.468985200662531, -0.5137859469536914, -0.5128354601731717, -0.5030672649471394], [-0.8489821084697499, 0.05522708709424473, 0.2932968622331563, 0.43606914469327845], [-0.241887815048351, 0.7561913672118034, 0.057370936526872286, -0.6052879287805994], [-0.02779471152787168, 0.4014331646966011, -0.8047889891363981, 0.43634109508224006]]","[[0.5194865856121386, 0.541164269341691, -0.5323454837023328, 0.4428958865568021], [-0.5600347786777775, -0.5181966792876357, 0.46148826818619143, 0.45870024892910366], [0.556983198745464, -0.5463901820326621, -0.5058481143706833, 0.4882778743146744], [0.5157936043702883, 0.4567053583640589, 0.5326615390684278, 0.49570560494823657]]",1657+16687,"('cklrahkugl1jd71io37g', 'cklrksmpb91m223lbve0')"
