matrix_idx,dimension,resolution,original_eigenvalues,reconstructed_eigenvalues,original_eigenvectors,reconstructed_eigenvectors,depth,job_ids
5,2,6,"[1.8772281534555535, 0.12277184654444695]","[1.8750000000000004, 1.3750000000000002]","[[0.7071067811865476, 0.7071067811865475], [-0.7071067811865475, 0.7071067811865476]]","[[-0.722470799739003, -0.7046748613770577], [-0.7602159914215383, -0.7247775782759222]]",678+8396,"('ckj54lah9ipuhtukcnig', 'ckj609fmhqvq1icsp6gg')"
