{"matrix_idx": 5, "dimension": 2, "resolution": 6, "original_eigenvalues": [1.8772281534555535, 0.12277184654444695], "reconstructed_eigenvalues": [1.8750000000000004, 1.3750000000000002], "original_eigenvectors": [[0.7071067811865476, 0.7071067811865475], [-0.7071067811865475, 0.7071067811865476]], "reconstructed_eigenvectors": [[-0.722470799739003, -0.7046748613770577], [-0.7602159914215383, -0.7247775782759222]], "depth": "678+8396", "job_ids": ["ckj54lah9ipuhtukcnig", "ckj609fmhqvq1icsp6gg"]}